{
	"credit": "Made with Blockbench",
	"texture_size": [64, 64],
	"textures": {
		"0": "delightful:item/salmonberry_ice_cream",
		"particle": "delightful:item/salmonberry_ice_cream_item"
	},
	"elements": [
		{
			"from": [-3, 12, 8],
			"to": [3, 17, 14],
			"rotation": {"angle": 45, "axis": "y", "origin": [0, 0, 0]},
			"faces": {
				"north": {"uv": [1.5, 5.25, 3, 6.5], "texture": "#0"},
				"east": {"uv": [0, 5.25, 1.5, 6.5], "texture": "#0"},
				"south": {"uv": [4.5, 5.25, 6, 6.5], "texture": "#0"},
				"west": {"uv": [3, 5.25, 4.5, 6.5], "texture": "#0"},
				"up": {"uv": [3, 5.25, 1.5, 3.75], "texture": "#0"},
				"down": {"uv": [4.5, 3.75, 3, 5.25], "texture": "#0"}
			}
		},
		{
			"from": [2, 11, 10],
			"to": [6, 15, 10],
			"faces": {
				"north": {"uv": [1, 0, 0, 1], "texture": "#0"},
				"east": {"uv": [0, 6.75, 0, 8], "texture": "#0"},
				"south": {"uv": [2, 0, 1, 1], "texture": "#0"},
				"west": {"uv": [1, 6.75, 1, 8], "texture": "#0"},
				"up": {"uv": [1, 6.75, 0, 6.75], "texture": "#0"},
				"down": {"uv": [2, 6.75, 1, 6.75], "texture": "#0"}
			}
		},
		{
			"from": [4, 5, 4],
			"to": [12, 12, 12],
			"faces": {
				"north": {"uv": [2, 2, 4, 3.75], "texture": "#0"},
				"east": {"uv": [0, 2, 2, 3.75], "texture": "#0"},
				"south": {"uv": [6, 2, 8, 3.75], "texture": "#0"},
				"west": {"uv": [4, 2, 6, 3.75], "texture": "#0"},
				"up": {"uv": [4, 2, 2, 0], "texture": "#0"},
				"down": {"uv": [6, 0, 4, 2], "texture": "#0"}
			}
		},
		{
			"from": [12, 3, 4],
			"to": [12, 5, 7],
			"faces": {
				"north": {"uv": [0.75, 1, 0.75, 1.5], "texture": "#0"},
				"east": {"uv": [0, 1, 0.75, 1.5], "texture": "#0"},
				"south": {"uv": [1.5, 1, 1.5, 1.5], "texture": "#0"},
				"west": {"uv": [0.75, 1, 1.5, 1.5], "texture": "#0"},
				"up": {"uv": [0.75, 1, 0.75, 0.25], "texture": "#0"},
				"down": {"uv": [0.75, 0.25, 0.75, 1], "texture": "#0"}
			}
		},
		{
			"from": [5, 4, 5],
			"to": [11, 5, 11],
			"faces": {
				"north": {"uv": [6, 6.5, 7.5, 6.75], "texture": "#0"},
				"east": {"uv": [4.5, 6.5, 6, 6.75], "texture": "#0"},
				"south": {"uv": [9, 6.5, 10.5, 6.75], "texture": "#0"},
				"west": {"uv": [7.5, 6.5, 9, 6.75], "texture": "#0"},
				"up": {"uv": [0, 0, 0, 0], "texture": "#0"},
				"down": {"uv": [9, 5, 7.5, 6.5], "texture": "#0"}
			}
		},
		{
			"from": [6, 0, 6],
			"to": [10, 4, 10],
			"faces": {
				"north": {"uv": [7, 1, 8, 2], "texture": "#0"},
				"east": {"uv": [6, 1, 7, 2], "texture": "#0"},
				"south": {"uv": [9, 1, 10, 2], "texture": "#0"},
				"west": {"uv": [8, 1, 9, 2], "texture": "#0"},
				"up": {"uv": [0, 0, 0, 0], "texture": "#0"},
				"down": {"uv": [9, 0, 8, 1], "texture": "#0"}
			}
		}
	],
	"gui_light": "front",
	"display": {
		"thirdperson_righthand": {
			"rotation": [-130, 15, 180],
			"translation": [0, 3, 2.5],
			"scale": [0.65, 0.65, 0.65]
		},
		"thirdperson_lefthand": {
			"rotation": [-130, 15, 180],
			"translation": [0, 3, 2.5],
			"scale": [0.65, 0.65, 0.65]
		},
		"firstperson_righthand": {
			"rotation": [-10, 0, 0],
			"translation": [0, 4.75, 0.5],
			"scale": [0.7, 0.7, 0.7]
		},
		"firstperson_lefthand": {
			"rotation": [-10, 0, 0],
			"translation": [0, 4.75, 0.5],
			"scale": [0.7, 0.7, 0.7]
		},
		"ground": {
			"rotation": [0, 0, -45],
			"translation": [0, 1, 0],
			"scale": [0.6, 0.6, 0.6]
		},
		"gui": {
			"rotation": [0, -22.5, -45],
			"translation": [0, -1, 0],
			"scale": [0.9, 0.9, 0.9]
		},
		"head": {
			"translation": [0, 14.5, 0]
		},
		"fixed": {
			"rotation": [0, 180, -45],
			"translation": [1, -1.25, 0]
		}
	}
}