{
  "name": "В начале игры",
  "icon": "irons_spellbooks:inscription_table",
  "category": "irons_spellbooks:root",
  "sortnum": -3,
  "read_by_default" : false,
  "pages": [
    {
      "type": "patchouli:text",
      "title": "Обзор",
      "text": "В начале игры преобладают исследования и грабежи. Мир полон волшебной добычи, особенно в новых магических сооружениях, разбросанных по всем землям. Но будь осторожен! В каждом магическом строении обитает могущественный маг, который не отнесется к вам доброжелательно."
    },
    {
      "type": "patchouli:spotlight",
      "item": "irons_spellbooks:scroll",
      "title": "Свитки",
      "text": "Свитки станут вашим первым знакомством с магией. Хотя их можно использовать для произнесения заклинания, которое они содержат, лучше сохранить их до тех пор, пока вы не сможете записать их в книгу заклинаний, где их можно будет использовать повторно с помощью Таблицы надписей. >>>"
    },
    {
      "type": "patchouli:text",
      "title": "Стол для надписей",
      "text": "Чтобы правильно использовать Книгу Заклинаний, вы должны вписывать в нее заклинания с помощью Таблицы надписей, используя свитки. Свитки можно получить после помещения в Книгу Заклинаний, но это отменит заклинание. Книги заклинаний для начинающих можно изготовить из простых материалов."
    },
    {
      "type": "patchouli:crafting",
      "recipe": "irons_spellbooks:inscription_table",
      "recipe2": "irons_spellbooks:copper_spell_book"
    },
    {
      "type": "patchouli:spotlight",
      "item": "irons_spellbooks:arcane_essence",
      "title": "Основные материалы",
      "text": "Некоторые базовые материалы можно найти даже в ванильных постройках.$(br2)Чародейскую эссенцию можно комбинировать с кожаной броней для создания доспехов странствующего мага — раннего источника дополнительного максимального количества маны."
    },
    {
      "type": "patchouli:entity",
      "name": "Доспехи странствующего мага",
      "entity": "minecraft:armor_stand{ArmorItems:[{id:'irons_spellbooks:wandering_magician_boots',Count:1b},{id:'irons_spellbooks:wandering_magician_leggings',Count:1b},{id:'irons_spellbooks:wandering_magician_chestplate',Count:1b},{id:'irons_spellbooks:wandering_magician_helmet',Count:1b}],NoBasePlate:1b}"
    }
  ]
}