{
  "name": "墨水",
  "icon": "irons_spellbooks:epic_ink",
  "category": "irons_spellbooks:root",
  "sortnum": 4,
  "read_by_default" : true,
  "pages": [
    {
      "type": "patchouli:spotlight",
      "item": "irons_spellbooks:common_ink",
      "text": "这是最常见的墨水，普通墨水可以用来制造最低等级的法术。它不可以用于制作普通等级以上的法术。其他的墨水也是如此。"
    },
    {
      "type": "patchouli:spotlight",
      "item": "irons_spellbooks:uncommon_ink",
      "text": "比普通墨水更少见，它可以用来制造更为强大的法术。"
    },
    {
      "type": "patchouli:spotlight",
      "item": "irons_spellbooks:rare_ink",
      "text": "稀有墨水可以通过杀死法师获得，或在魔法宝箱中找到。"

    },
    {
      "type": "patchouli:spotlight",
      "item": "irons_spellbooks:epic_ink",
      "text": "史诗墨水与其他更高级的墨水同样可以通过杀死法师获得，或在魔法宝箱中找到。"
    },
    {
      "type": "patchouli:spotlight",
      "item": "irons_spellbooks:legendary_ink",
      "text": "这是最高级的墨水，它可以用来制造最强大的法术。请注意，一些法术拥有多重等级，需要通过奥术铁砧制造。"
    },
    {
      "type": "patchouli:empty",
      "draw_filler": false
    }
  ]
}