{
	"credit": "Made with Blockbench",
	"ambientocclusion": false,
	"texture_size": [32, 32],
	"textures": {
		"1": "brewinandchewin:item/beer"
	},
	"elements": [
		{
			"name": "tankard",
			"from": [5, 2.5, 5],
			"to": [11, 9.5, 11],
			"rotation": {"angle": 0, "axis": "y", "origin": [8, 8, 10]},
			"faces": {
				"north": {"uv": [3, 3, 6, 6.5], "texture": "#1"},
				"east": {"uv": [0, 3, 3, 6.5], "texture": "#1"},
				"south": {"uv": [9, 3, 12, 6.5], "texture": "#1"},
				"west": {"uv": [6, 3, 9, 6.5], "texture": "#1"},
				"up": {"uv": [6, 3, 3, 0], "texture": "#1"},
				"down": {"uv": [9, 0, 6, 3], "texture": "#1"}
			}
		},
		{
			"name": "handle",
			"from": [7, 2.5, 11],
			"to": [9, 8.5, 13],
			"rotation": {"angle": 0, "axis": "y", "origin": [8, 8, 10]},
			"faces": {
				"north": {"uv": [1, 11.5, 2, 14.5], "texture": "#1"},
				"east": {"uv": [0, 11.5, 1, 14.5], "texture": "#1"},
				"south": {"uv": [3, 11.5, 4, 14.5], "texture": "#1"},
				"west": {"uv": [2, 11.5, 3, 14.5], "texture": "#1"},
				"up": {"uv": [2, 11.5, 1, 10.5], "texture": "#1"},
				"down": {"uv": [3, 10.5, 2, 11.5], "texture": "#1"}
			}
		},
		{
			"name": "foam",
			"from": [5, 9.5, 5],
			"to": [11, 11.5, 11],
			"rotation": {"angle": 0, "axis": "y", "origin": [8, 8, 10]},
			"faces": {
				"north": {"uv": [3, 9.5, 6, 10.5], "texture": "#1"},
				"east": {"uv": [0, 9.5, 3, 10.5], "texture": "#1"},
				"south": {"uv": [9, 9.5, 12, 10.5], "texture": "#1"},
				"west": {"uv": [6, 9.5, 9, 10.5], "texture": "#1"},
				"up": {"uv": [6, 9.5, 3, 6.5], "texture": "#1"},
				"down": {"uv": [9, 6.5, 6, 9.5], "texture": "#1"}
			}
		}
	],
	"gui_light": "front",
	"display": {
		"thirdperson_righthand": {
			"rotation": [45.75, 0, 0],
			"translation": [0, 2, -1.25],
			"scale": [0.7, 0.7, 0.7]
		},
		"thirdperson_lefthand": {
			"rotation": [45.75, 0, 0],
			"translation": [0, 0, -1.25],
			"scale": [0.7, 0.7, 0.7]
		},
		"firstperson_righthand": {
			"translation": [0, 2.75, 0],
			"scale": [0.8, 0.8, 0.8]
		},
		"firstperson_lefthand": {
			"translation": [0, 2.75, 0],
			"scale": [0.8, 0.8, 0.8]
		},
		"ground": {
			"rotation": [45, 0, 0],
			"scale": [0.5, 0.5, 0.5]
		},
		"gui": {
			"rotation": [45, 45, 0],
			"translation": [0, 0.75, 0],
			"scale": [1.2, 1.2, 1.2]
		},
		"head": {
			"translation": [0, 12, 0]
		},
		"fixed": {
			"translation": [0, 3.5, 1],
			"scale": [1.7, 1.7, 1.7]
		}
	},
	"groups": [
		{
			"name": "tankard",
			"origin": [8, 13, 6],
			"color": 0,
			"children": [0, 1, 2]
		}
	]
}