{
	"credit": "Made with Blockbench",
	"ambientocclusion": false,
	"texture_size": [32, 32],
	"textures": {
		"0": "brewinandchewin:item/bloody_mary",
		"particle": "brewinandchewin:item/bloody_mary"
	},
	"elements": [
		{
			"name": "tankard",
			"from": [5, 2.5, 5],
			"to": [11, 9.5, 11],
			"rotation": {"angle": 0, "axis": "y", "origin": [8, 2.5, 8]},
			"faces": {
				"north": {"uv": [3, 3, 6, 6.5], "texture": "#0"},
				"east": {"uv": [0, 3, 3, 6.5], "texture": "#0"},
				"south": {"uv": [9, 3, 12, 6.5], "texture": "#0"},
				"west": {"uv": [6, 3, 9, 6.5], "texture": "#0"},
				"up": {"uv": [6, 3, 3, 0], "texture": "#0"},
				"down": {"uv": [9, 0, 6, 3], "texture": "#0"}
			}
		},
		{
			"name": "handle",
			"from": [7, 2.5, 11],
			"to": [9, 8.5, 13],
			"rotation": {"angle": 0, "axis": "y", "origin": [7, 2.5, 7]},
			"faces": {
				"north": {"uv": [1, 7.5, 2, 10.5], "texture": "#0"},
				"east": {"uv": [0, 7.5, 1, 10.5], "texture": "#0"},
				"south": {"uv": [3, 7.5, 4, 10.5], "texture": "#0"},
				"west": {"uv": [2, 7.5, 3, 10.5], "texture": "#0"},
				"up": {"uv": [2, 7.5, 1, 6.5], "texture": "#0"},
				"down": {"uv": [3, 6.5, 2, 7.5], "texture": "#0"}
			}
		},
		{
			"name": "extra_1",
			"from": [5.46967, 8.26256, 8],
			"to": [5.46967, 12.26256, 11],
			"rotation": {"angle": 45, "axis": "z", "origin": [5.46967, 10.26256, 9.5]},
			"faces": {
				"north": {"uv": [5.5, 8.5, 5.5, 10.5], "texture": "#0"},
				"east": {"uv": [4, 8.5, 5.5, 10.5], "texture": "#0"},
				"south": {"uv": [7, 8.5, 7, 10.5], "texture": "#0"},
				"west": {"uv": [5.5, 8.5, 7, 10.5], "texture": "#0"},
				"up": {"uv": [5.5, 8.5, 5.5, 7], "texture": "#0"},
				"down": {"uv": [5.5, 7, 5.5, 8.5], "texture": "#0"}
			}
		},
		{
			"name": "extra_2",
			"from": [7.06066, 9.54289, 5.25],
			"to": [10.06066, 13.54289, 5.25],
			"rotation": {"angle": -22.5, "axis": "x", "origin": [8.56066, 11.54289, 6]},
			"faces": {
				"north": {"uv": [4, 6.5, 5.5, 8.5], "texture": "#0"},
				"east": {"uv": [4, 6.5, 4, 8.5], "texture": "#0"},
				"south": {"uv": [5.5, 6.5, 7, 8.5], "texture": "#0"},
				"west": {"uv": [5.5, 6.5, 5.5, 8.5], "texture": "#0"},
				"up": {"uv": [5.5, 6.5, 4, 6.5], "texture": "#0"},
				"down": {"uv": [7, 6.5, 5.5, 6.5], "texture": "#0"}
			}
		}
	],
	"gui_light": "front",
	"display": {
		"thirdperson_righthand": {
			"rotation": [45.75, 0, 0],
			"translation": [0, 2, -1.25],
			"scale": [0.7, 0.7, 0.7]
		},
		"thirdperson_lefthand": {
			"rotation": [45.75, 0, 0],
			"translation": [0, 2, -1.25],
			"scale": [0.7, 0.7, 0.7]
		},
		"firstperson_righthand": {
			"translation": [0, 2.75, 0],
			"scale": [0.8, 0.8, 0.8]
		},
		"firstperson_lefthand": {
			"translation": [0, 2.75, 0],
			"scale": [0.8, 0.8, 0.8]
		},
		"ground": {
			"rotation": [45, 0, 0],
			"scale": [0.5, 0.5, 0.5]
		},
		"gui": {
			"rotation": [45, 45, 0],
			"translation": [0, 1.75, 0],
			"scale": [1.2, 1.2, 1.2]
		},
		"head": {
			"translation": [0, 12, 0]
		},
		"fixed": {
			"translation": [0, 3.5, 1],
			"scale": [1.7, 1.7, 1.7]
		}
	},
	"groups": [
		{
			"name": "tankard",
			"origin": [8, 8, 8],
			"color": 0,
			"children": [0, 1, 2, 3]
		}
	]
}