{
	"credit": "Made by Satisfy",
	"render_type": "minecraft:cutout",
	"textures": {
		"0": "brewery:item/beer_mug",
		"1": "brewery:item/beer_barley",
		"particle": "brewery:item/beer_mug"
	},
	"elements": [
		{
			"from": [5, 0, 5],
			"to": [11, 8, 6],
			"faces": {
				"north": {"uv": [6, 0, 12, 8], "texture": "#1"},
				"east": {"uv": [11, 0, 12, 8], "texture": "#0"},
				"south": {"uv": [6, 8, 12, 16], "texture": "#0"},
				"west": {"uv": [6, 0, 7, 8], "texture": "#0"},
				"up": {"uv": [6, 5, 0, 6], "texture": "#1"},
				"down": {"uv": [0, 6, 6, 7], "texture": "#0"}
			}
		},
		{
			"from": [5, 0, 10],
			"to": [11, 8, 11],
			"faces": {
				"north": {"uv": [6, 8, 12, 16], "texture": "#0"},
				"east": {"uv": [6, 0, 7, 8], "texture": "#0"},
				"south": {"uv": [6, 0, 12, 8], "texture": "#0"},
				"west": {"uv": [11, 0, 12, 8], "texture": "#0"},
				"up": {"uv": [0, 0, 6, 1], "texture": "#0"},
				"down": {"uv": [0, 11, 6, 12], "texture": "#0"}
			}
		},
		{
			"from": [10, 0, 6],
			"to": [11, 8, 10],
			"faces": {
				"north": {"uv": [0, 0, 1, 8], "texture": "#0"},
				"east": {"uv": [7, 0, 11, 8], "texture": "#0"},
				"south": {"uv": [0, 0, 1, 8], "texture": "#0"},
				"west": {"uv": [7, 8, 11, 16], "texture": "#0"},
				"up": {"uv": [5, 1, 6, 5], "texture": "#0"},
				"down": {"uv": [0, 7, 1, 11], "texture": "#0"}
			}
		},
		{
			"from": [5, 0, 6],
			"to": [6, 8, 10],
			"faces": {
				"north": {"uv": [0, 0, 1, 8], "texture": "#0"},
				"east": {"uv": [7, 8, 11, 16], "texture": "#0"},
				"south": {"uv": [0, 0, 1, 8], "texture": "#0"},
				"west": {"uv": [7, 0, 11, 8], "texture": "#0"},
				"up": {"uv": [5, 1, 6, 5], "texture": "#1"},
				"down": {"uv": [5, 7, 6, 11], "texture": "#0"}
			}
		},
		{
			"from": [6, 0, 6],
			"to": [10, 8, 10],
			"rotation": {"angle": 0, "axis": "y", "origin": [6, 0, 6]},
			"faces": {
				"north": {"uv": [0, 0, 4, 1], "texture": "#0"},
				"east": {"uv": [0, 0, 4, 1], "texture": "#0"},
				"south": {"uv": [0, 0, 4, 1], "texture": "#0"},
				"west": {"uv": [0, 0, 4, 1], "texture": "#0"},
				"up": {"uv": [1, 1, 5, 5], "texture": "#1"},
				"down": {"uv": [1, 7, 5, 11], "texture": "#0"}
			}
		},
		{
			"from": [11, 2, 8],
			"to": [14, 7, 8],
			"faces": {
				"north": {"uv": [15, 2, 12, 7], "texture": "#0"},
				"south": {"uv": [12, 2, 15, 7], "texture": "#0"}
			}
		}
	],
	"display": {
		"thirdperson_righthand": {
			"rotation": [0, -90, 0],
			"translation": [0, 1.25, -4]
		},
		"thirdperson_lefthand": {
			"rotation": [0, 90, 0],
			"translation": [0, 1.25, -4]
		},
		"firstperson_righthand": {
			"rotation": [9, -74, 0],
			"translation": [0.5, 7.25, -1.5]
		},
		"firstperson_lefthand": {
			"rotation": [9, 107, 0],
			"translation": [0.5, 7.25, -1.5]
		},
		"ground": {
			"translation": [0, 6.75, 0]
		},
		"gui": {
			"rotation": [24, 24, 0],
			"translation": [-1, 5.5, 0],
			"scale": [1.5, 1.5, 1.5]
		},
		"head": {
			"translation": [0, 11, 0]
		},
		"fixed": {
			"translation": [-2, 5.75, -0.5],
			"scale": [1.5, 1.5, 1.5]
		}
	}
}