{
	"credit": "Made by Satisfy",
	"textures": {
		"1": "brewery:item/whiskey_lilitusinglemalt_1",
		"2": "brewery:item/whiskey_lilitusinglemalt_2",
		"particle": "brewery:item/whiskey_lilitusinglemalt_1"
	},
	"elements": [
		{
			"from": [7, 9.5, 7],
			"to": [9, 16.5, 9],
			"rotation": {"angle": 0, "axis": "y", "origin": [8, 13.5, 8]},
			"faces": {
				"north": {"uv": [10, 3, 8, 10], "texture": "#1"},
				"east": {"uv": [10, 3, 8, 10], "texture": "#1"},
				"south": {"uv": [10, 3, 8, 10], "texture": "#1"},
				"west": {"uv": [10, 3, 8, 10], "texture": "#1"},
				"up": {"uv": [10, 12, 8, 10], "texture": "#1"},
				"down": {"uv": [5, 6, 4.5, 6.5], "texture": "#1"}
			}
		},
		{
			"from": [5.66297, 0.03084, 3.998],
			"to": [10.32322, 7.03484, 12.002],
			"rotation": {"angle": 0, "axis": "y", "origin": [7.32122, 13.53284, 7]},
			"faces": {
				"north": {"uv": [0, 8, 5, 15], "texture": "#2"},
				"east": {"uv": [5, 0, 7, 1.75], "texture": "#1"},
				"south": {"uv": [0, 8, 5, 15], "texture": "#2"},
				"west": {"uv": [5, 1.75, 7, 3.5], "texture": "#1"},
				"up": {"uv": [1.25, 9.75, 0, 7.75], "texture": "#1"},
				"down": {"uv": [10, 0, 15, 8], "texture": "#1"}
			}
		},
		{
			"from": [3, 6.5, 4],
			"to": [13, 9.5, 12],
			"rotation": {"angle": 0, "axis": "y", "origin": [8, 10, 8]},
			"faces": {
				"north": {"uv": [0, 0, 10, 3], "texture": "#1"},
				"east": {"uv": [0, 13, 8, 16], "texture": "#1"},
				"south": {"uv": [10, 0, 0, 3], "texture": "#1"},
				"west": {"uv": [8, 13, 0, 10], "texture": "#1"},
				"up": {"uv": [10, 8, 0, 0], "texture": "#2"},
				"down": {"uv": [2.5, 2, 0, 4], "texture": "#1"}
			}
		},
		{
			"from": [8.20176, 0.45563, 4.001],
			"to": [11.19976, 7.45363, 11.999],
			"rotation": {"angle": -22.5, "axis": "z", "origin": [9.70076, 2.45463, 8]},
			"faces": {
				"north": {"uv": [10, 8, 13, 15], "texture": "#1"},
				"east": {"uv": [8, 10, 0, 3], "texture": "#1"},
				"south": {"uv": [13, 8, 16, 15], "texture": "#1"},
				"west": {"uv": [5, 5.25, 7, 7], "texture": "#1"},
				"up": {"uv": [9.75, 5, 9, 3], "texture": "#1"},
				"down": {"uv": [10, 5, 9.25, 7], "texture": "#1"}
			}
		},
		{
			"from": [4.80024, 0.45563, 4.001],
			"to": [7.79824, 7.45363, 11.999],
			"rotation": {"angle": 22.5, "axis": "z", "origin": [6.29924, 2.45463, 8]},
			"faces": {
				"north": {"uv": [13, 8, 16, 15], "texture": "#1"},
				"east": {"uv": [0, 6, 2, 7.75], "texture": "#1"},
				"south": {"uv": [10, 8, 13, 15], "texture": "#1"},
				"west": {"uv": [8, 10, 0, 3], "texture": "#1"},
				"up": {"uv": [8.75, 11.25, 8, 9.25], "texture": "#1"},
				"down": {"uv": [9.5, 9.25, 8.75, 11.25], "texture": "#1"}
			}
		},
		{
			"from": [3.26031, 6.39076, 4.199],
			"to": [12.76231, 8.99276, 11.801],
			"rotation": {"angle": 0, "axis": "y", "origin": [8.06131, 9.69176, 8]},
			"faces": {
				"north": {"uv": [9, 0.75, 11.5, 1.5], "texture": "#1", "tintindex": 0},
				"east": {"uv": [9.25, 7, 11.25, 7.75], "texture": "#1", "tintindex": 0},
				"south": {"uv": [9, 1.5, 11.5, 2.25], "texture": "#1", "tintindex": 0},
				"west": {"uv": [9.25, 7.75, 11.25, 8.5], "texture": "#1", "tintindex": 0},
				"up": {"uv": [5, 2, 2.5, 0], "texture": "#1", "tintindex": 0},
				"down": {"uv": [5, 2, 2.5, 4], "texture": "#1", "tintindex": 0}
			}
		},
		{
			"from": [5.73606, 0.27076, 4.181],
			"to": [10.01231, 6.39076, 11.801],
			"rotation": {"angle": 0, "axis": "y", "origin": [9.95231, 13.08076, 6.991]},
			"faces": {
				"north": {"uv": [2.5, 9.5, 3.5, 11], "texture": "#1", "tintindex": 0},
				"east": {"uv": [7, 5.25, 9, 6.75], "texture": "#1", "tintindex": 0},
				"south": {"uv": [3.5, 9.5, 4.5, 11], "texture": "#1", "tintindex": 0},
				"west": {"uv": [6, 7, 8, 8.5], "texture": "#1", "tintindex": 0},
				"up": {"uv": [7, 10.5, 6, 8.5], "texture": "#1", "tintindex": 0},
				"down": {"uv": [8, 8.5, 7, 10.5], "texture": "#1", "tintindex": 0}
			}
		},
		{
			"from": [8.40076, 0.65463, 4.2],
			"to": [11.00076, 7.25463, 11.8],
			"rotation": {"angle": -22.5, "axis": "z", "origin": [9.70076, 2.45463, 8]},
			"faces": {
				"north": {"uv": [10.25, 9.25, 11, 11], "texture": "#1", "tintindex": 0},
				"east": {"uv": [7, 0, 9, 1.75], "texture": "#1", "tintindex": 0},
				"south": {"uv": [10.5, 3, 11.25, 4.75], "texture": "#1", "tintindex": 0},
				"west": {"uv": [7, 1.75, 9, 3.5], "texture": "#1", "tintindex": 0},
				"up": {"uv": [5.25, 11.5, 4.5, 9.5], "texture": "#1", "tintindex": 0},
				"down": {"uv": [6, 9.5, 5.25, 11.5], "texture": "#1", "tintindex": 0}
			}
		},
		{
			"from": [4.99924, 0.65463, 4.2],
			"to": [7.59924, 7.25463, 11.8],
			"rotation": {"angle": 22.5, "axis": "z", "origin": [6.29924, 2.45463, 8]},
			"faces": {
				"north": {"uv": [6, 10.5, 6.75, 12.25], "texture": "#1", "tintindex": 0},
				"east": {"uv": [7, 3.5, 9, 5.25], "texture": "#1", "tintindex": 0},
				"south": {"uv": [6.75, 10.5, 7.5, 12.25], "texture": "#1", "tintindex": 0},
				"west": {"uv": [4, 7, 6, 8.75], "texture": "#1", "tintindex": 0},
				"up": {"uv": [10.25, 11.25, 9.5, 9.25], "texture": "#1", "tintindex": 0},
				"down": {"uv": [0.75, 9.75, 0, 11.75], "texture": "#1", "tintindex": 0}
			}
		}
	],
	"gui_light": "front",
	"display": {
		"thirdperson_righthand": {
			"rotation": [0, 87, 0],
			"translation": [0, -5.5, 0],
			"scale": [0.7, 0.7, 0.7]
		},
		"thirdperson_lefthand": {
			"rotation": [0, 87, 0],
			"translation": [0, -5.5, 0],
			"scale": [0.7, 0.7, 0.7]
		},
		"firstperson_righthand": {
			"rotation": [-153, 63, -180],
			"translation": [1, 2, 0],
			"scale": [0.7, 0.7, 0.7]
		},
		"firstperson_lefthand": {
			"rotation": [-153, 63, -180],
			"translation": [1, 2, 0],
			"scale": [0.7, 0.7, 0.7]
		},
		"ground": {
			"rotation": [-8.53, -1.45, 19.3],
			"translation": [-2, 1, -1],
			"scale": [0.6, 0.6, 0.6]
		},
		"gui": {
			"rotation": [-180, 0, -180],
			"scale": [0.9, 0.9, 0.9]
		},
		"head": {
			"rotation": [0, 0, 90],
			"translation": [-9.75, 0, 0]
		},
		"fixed": {
			"translation": [-0.25, 0, -1]
		}
	}
}