{
	"credit": "Made by Satisfy",
	"textures": {
		"0": "brewery:item/whiskey_cristelwalker",
		"particle": "brewery:item/whiskey_cristelwalker"
	},
	"elements": [
		{
			"from": [6, 0, 6],
			"to": [10, 10, 10],
			"rotation": {"angle": 0, "axis": "y", "origin": [6, 0, 6]},
			"faces": {
				"north": {"uv": [12, 6, 16, 16], "texture": "#0"},
				"east": {"uv": [8, 6, 12, 16], "texture": "#0"},
				"south": {"uv": [8, 6, 12, 16], "texture": "#0"},
				"west": {"uv": [8, 6, 12, 16], "texture": "#0"},
				"up": {"uv": [16, 6, 12, 2], "texture": "#0"},
				"down": {"uv": [12, 6, 8, 2], "texture": "#0"}
			}
		},
		{
			"from": [7, 10, 7],
			"to": [9, 14, 9],
			"rotation": {"angle": 0, "axis": "y", "origin": [7, 0, 7]},
			"faces": {
				"north": {"uv": [0, 2, 2, 6], "texture": "#0"},
				"east": {"uv": [1, 2, 3, 6], "texture": "#0"},
				"south": {"uv": [0, 2, 2, 6], "texture": "#0"},
				"west": {"uv": [1, 2, 3, 6], "texture": "#0"},
				"up": {"uv": [3, 2, 1, 0], "rotation": 270, "texture": "#0"},
				"down": {"uv": [3, 2, 1, 0], "texture": "#0"}
			}
		}
	],
	"display": {
		"thirdperson_righthand": {
			"rotation": [23, 0, 0],
			"translation": [0, -5.25, -1.5]
		},
		"thirdperson_lefthand": {
			"rotation": [23, 0, 0],
			"translation": [0, -5.25, -1.5]
		},
		"firstperson_righthand": {
			"rotation": [0, 17, 23],
			"translation": [2.75, 1.75, -1.25]
		},
		"firstperson_lefthand": {
			"rotation": [0, 17, 23],
			"translation": [2.75, 1.75, -1.25]
		},
		"ground": {
			"translation": [0, 4.75, 0]
		},
		"gui": {
			"translation": [0, 1, 0]
		}
	}
}