{
	"credit": "Made by Satisfy",
	"textures": {
		"0": "brewery:item/whiskey_maggoallan",
		"particle": "brewery:item/whiskey_maggoallan"
	},
	"elements": [
		{
			"from": [5, 0, 5],
			"to": [11, 8, 11],
			"rotation": {"angle": 0, "axis": "y", "origin": [5, 0, 5]},
			"faces": {
				"north": {"uv": [1, 4, 7, 12], "texture": "#0"},
				"east": {"uv": [1, 4, 7, 12], "texture": "#0"},
				"south": {"uv": [1, 4, 7, 12], "texture": "#0"},
				"west": {"uv": [1, 4, 7, 12], "texture": "#0"},
				"up": {"uv": [16, 14, 10, 8], "texture": "#0"},
				"down": {"uv": [15, 1, 9, 7], "texture": "#0"}
			}
		},
		{
			"from": [4, 2, 4],
			"to": [12, 7, 12],
			"rotation": {"angle": 0, "axis": "y", "origin": [4, 0, 4]},
			"faces": {
				"north": {"uv": [0, 5, 8, 10], "texture": "#0"},
				"east": {"uv": [0, 5, 8, 10], "texture": "#0"},
				"south": {"uv": [0, 5, 8, 10], "texture": "#0"},
				"west": {"uv": [0, 5, 8, 10], "texture": "#0"},
				"up": {"uv": [16, 8, 8, 0], "texture": "#0"},
				"down": {"uv": [16, 8, 8, 0], "texture": "#0"}
			}
		},
		{
			"from": [7, 8, 7],
			"to": [9, 12, 9],
			"rotation": {"angle": 0, "axis": "y", "origin": [7, 0, 7]},
			"faces": {
				"north": {"uv": [3, 0, 5, 4], "texture": "#0"},
				"east": {"uv": [3, 0, 5, 4], "texture": "#0"},
				"south": {"uv": [3, 0, 5, 4], "texture": "#0"},
				"west": {"uv": [3, 0, 5, 4], "texture": "#0"},
				"up": {"uv": [10, 10, 8, 8], "texture": "#0"},
				"down": {"uv": [10, 10, 8, 8], "texture": "#0"}
			}
		},
		{
			"from": [6, 9, 6],
			"to": [10, 11, 10],
			"rotation": {"angle": 0, "axis": "y", "origin": [6, 0, 6]},
			"faces": {
				"north": {"uv": [2, 1, 6, 3], "texture": "#0"},
				"east": {"uv": [2, 1, 6, 3], "texture": "#0"},
				"south": {"uv": [2, 1, 6, 3], "texture": "#0"},
				"west": {"uv": [2, 1, 6, 3], "texture": "#0"},
				"up": {"uv": [4, 16, 0, 12], "texture": "#0"},
				"down": {"uv": [4, 16, 0, 12], "texture": "#0"}
			}
		}
	],
	"display": {
		"thirdperson_righthand": {
			"rotation": [26, 0, 38],
			"translation": [1.25, -1.5, 0.25]
		},
		"thirdperson_lefthand": {
			"rotation": [26, 0, 38],
			"translation": [1.25, -1.5, 0.25]
		},
		"firstperson_righthand": {
			"rotation": [0, 5, 24],
			"translation": [0, 4, 0]
		},
		"firstperson_lefthand": {
			"rotation": [0, 5, 24],
			"translation": [0, 4, 0]
		},
		"ground": {
			"rotation": [0, 32, 89],
			"translation": [0, 3, 0]
		},
		"gui": {
			"translation": [0, 2, 0]
		}
	}
}