{
	"ambientocclusion": "false",
	"texture_size": [64, 64],
	"textures": {
		"castle": "ecologics:block/sandcastle",
		"particle": "block/sand"
	},
	"elements": [
		{
			"from": [3, 0, 3],
			"to": [13, 12, 13],
			"faces": {
				"north": {"uv": [0, 0, 2.5, 3], "texture": "#castle"},
				"east": {"uv": [2.5, 0, 5, 3], "texture": "#castle"},
				"south": {"uv": [0, 3, 2.5, 6], "texture": "#castle"},
				"west": {"uv": [2.5, 3, 5, 6], "texture": "#castle"},
				"up": {"uv": [7.5, 2.5, 5, 0], "texture": "#castle"},
				"down": {"uv": [7.5, 2.5, 5, 5], "texture": "#castle"}
			}
		},
		{
			"from": [7, 12, 8],
			"to": [9, 16, 8],
			"faces": {
				"north": {"uv": [7.5, 9.75, 8, 10.75], "texture": "#castle"},
				"east": {"uv": [0, 0, 0, 1], "texture": "#castle"},
				"south": {"uv": [8, 9.75, 8.5, 10.75], "texture": "#castle"},
				"west": {"uv": [0, 0, 0, 1], "texture": "#castle"},
				"up": {"uv": [0.5, 0, 0, 0], "texture": "#castle"},
				"down": {"uv": [0.5, 0, 0, 0], "texture": "#castle"}
			}
		},
		{
			"from": [3, 14, 8],
			"to": [7, 16, 8],
			"faces": {
				"north": {"uv": [8.5, 9.75, 9.5, 10.25], "texture": "#castle"},
				"east": {"uv": [0, 0, 0, 0.5], "texture": "#castle"},
				"south": {"uv": [9.5, 9.75, 10.5, 10.25], "texture": "#castle"},
				"west": {"uv": [0, 0, 0, 0.5], "texture": "#castle"},
				"up": {"uv": [1, 0, 0, 0], "texture": "#castle"},
				"down": {"uv": [1, 0, 0, 0], "texture": "#castle"}
			}
		},
		{
			"from": [0, 0, 0],
			"to": [5, 8, 5],
			"faces": {
				"north": {"uv": [5, 5, 6.25, 7], "texture": "#castle"},
				"east": {"uv": [0, 6, 1.25, 8], "texture": "#castle"},
				"south": {"uv": [1.25, 6, 2.5, 8], "texture": "#castle"},
				"west": {"uv": [2.5, 6, 3.75, 8], "texture": "#castle"},
				"up": {"uv": [8.75, 9.25, 7.5, 8], "texture": "#castle"},
				"down": {"uv": [10, 0, 8.75, 1.25], "texture": "#castle"}
			}
		},
		{
			"from": [11, 0, 0],
			"to": [16, 8, 5],
			"faces": {
				"north": {"uv": [3.75, 6, 5, 8], "texture": "#castle"},
				"east": {"uv": [6.25, 5, 7.5, 7], "texture": "#castle"},
				"south": {"uv": [5, 7, 6.25, 9], "texture": "#castle"},
				"west": {"uv": [6.25, 7, 7.5, 9], "texture": "#castle"},
				"up": {"uv": [10, 2.5, 8.75, 1.25], "texture": "#castle"},
				"down": {"uv": [10, 2.5, 8.75, 3.75], "texture": "#castle"}
			}
		},
		{
			"from": [11, 0, 11],
			"to": [16, 8, 16],
			"faces": {
				"north": {"uv": [7.5, 0, 8.75, 2], "texture": "#castle"},
				"east": {"uv": [7.5, 2, 8.75, 4], "texture": "#castle"},
				"south": {"uv": [7.5, 4, 8.75, 6], "texture": "#castle"},
				"west": {"uv": [7.5, 6, 8.75, 8], "texture": "#castle"},
				"up": {"uv": [10, 5, 8.75, 3.75], "texture": "#castle"},
				"down": {"uv": [10, 5, 8.75, 6.25], "texture": "#castle"}
			}
		},
		{
			"from": [0, 0, 11],
			"to": [5, 8, 16],
			"faces": {
				"north": {"uv": [0, 8, 1.25, 10], "texture": "#castle"},
				"east": {"uv": [1.25, 8, 2.5, 10], "texture": "#castle"},
				"south": {"uv": [2.5, 8, 3.75, 10], "texture": "#castle"},
				"west": {"uv": [3.75, 8, 5, 10], "texture": "#castle"},
				"up": {"uv": [10, 7.5, 8.75, 6.25], "texture": "#castle"},
				"down": {"uv": [10, 7.5, 8.75, 8.75], "texture": "#castle"}
			}
		},
		{
			"from": [3, 12, 13],
			"to": [13, 13, 13],
			"faces": {
				"north": {"uv": [8.75, 8.75, 11.25, 9], "texture": "#castle"},
				"east": {"uv": [0, 0, 0, 0.25], "texture": "#castle"},
				"south": {"uv": [5, 9, 7.5, 9.25], "texture": "#castle"},
				"west": {"uv": [0, 0, 0, 0.25], "texture": "#castle"},
				"up": {"uv": [2.5, 0, 0, 0], "texture": "#castle"},
				"down": {"uv": [2.5, 0, 0, 0], "texture": "#castle"}
			}
		},
		{
			"from": [3, 12, 3],
			"to": [13, 13, 3],
			"faces": {
				"north": {"uv": [8.75, 9, 11.25, 9.25], "texture": "#castle"},
				"east": {"uv": [0, 0, 0, 0.25], "texture": "#castle"},
				"south": {"uv": [5, 9.25, 7.5, 9.5], "texture": "#castle"},
				"west": {"uv": [0, 0, 0, 0.25], "texture": "#castle"},
				"up": {"uv": [2.5, 0, 0, 0], "texture": "#castle"},
				"down": {"uv": [2.5, 0, 0, 0], "texture": "#castle"}
			}
		},
		{
			"from": [3, 12, 3],
			"to": [3, 13, 13],
			"faces": {
				"north": {"uv": [0, 0, 0, 0.25], "texture": "#castle"},
				"east": {"uv": [7.5, 9.25, 10, 9.5], "texture": "#castle"},
				"south": {"uv": [0, 0, 0, 0.25], "texture": "#castle"},
				"west": {"uv": [5, 9.5, 7.5, 9.75], "texture": "#castle"},
				"up": {"uv": [0, 2.5, 0, 0], "texture": "#castle"},
				"down": {"uv": [0, 0, 0, 2.5], "texture": "#castle"}
			}
		},
		{
			"from": [13, 12, 3],
			"to": [13, 13, 13],
			"faces": {
				"north": {"uv": [0, 0, 0, 0.25], "texture": "#castle"},
				"east": {"uv": [7.5, 9.5, 10, 9.75], "texture": "#castle"},
				"south": {"uv": [0, 0, 0, 0.25], "texture": "#castle"},
				"west": {"uv": [5, 9.75, 7.5, 10], "texture": "#castle"},
				"up": {"uv": [0, 2.5, 0, 0], "texture": "#castle"},
				"down": {"uv": [0, 0, 0, 2.5], "texture": "#castle"}
			}
		},
		{
			"from": [0, 8, 0],
			"to": [0, 9, 5],
			"faces": {
				"north": {"uv": [0, 0, 0, 0.25], "texture": "#castle"},
				"east": {"uv": [0, 10, 1.25, 10.25], "texture": "#castle"},
				"south": {"uv": [0, 0, 0, 0.25], "texture": "#castle"},
				"west": {"uv": [10, 0, 11.25, 0.25], "texture": "#castle"},
				"up": {"uv": [0, 1.25, 0, 0], "texture": "#castle"},
				"down": {"uv": [0, 0, 0, 1.25], "texture": "#castle"}
			}
		},
		{
			"from": [5, 8, 0],
			"to": [5, 9, 5],
			"faces": {
				"north": {"uv": [0, 0, 0, 0.25], "texture": "#castle"},
				"east": {"uv": [10, 0.25, 11.25, 0.5], "texture": "#castle"},
				"south": {"uv": [0, 0, 0, 0.25], "texture": "#castle"},
				"west": {"uv": [10, 0.5, 11.25, 0.75], "texture": "#castle"},
				"up": {"uv": [0, 1.25, 0, 0], "texture": "#castle"},
				"down": {"uv": [0, 0, 0, 1.25], "texture": "#castle"}
			}
		},
		{
			"from": [0, 8, 0],
			"to": [5, 9, 0],
			"faces": {
				"north": {"uv": [10, 0.75, 11.25, 1], "texture": "#castle"},
				"east": {"uv": [0, 0, 0, 0.25], "texture": "#castle"},
				"south": {"uv": [10, 1, 11.25, 1.25], "texture": "#castle"},
				"west": {"uv": [0, 0, 0, 0.25], "texture": "#castle"},
				"up": {"uv": [1.25, 0, 0, 0], "texture": "#castle"},
				"down": {"uv": [1.25, 0, 0, 0], "texture": "#castle"}
			}
		},
		{
			"from": [0, 8, 5],
			"to": [5, 9, 5],
			"faces": {
				"north": {"uv": [1.25, 10, 2.5, 10.25], "texture": "#castle"},
				"east": {"uv": [0, 0, 0, 0.25], "texture": "#castle"},
				"south": {"uv": [10, 1.25, 11.25, 1.5], "texture": "#castle"},
				"west": {"uv": [0, 0, 0, 0.25], "texture": "#castle"},
				"up": {"uv": [1.25, 0, 0, 0], "texture": "#castle"},
				"down": {"uv": [1.25, 0, 0, 0], "texture": "#castle"}
			}
		},
		{
			"from": [11, 8, 0],
			"to": [11, 9, 5],
			"faces": {
				"north": {"uv": [0, 0, 0, 0.25], "texture": "#castle"},
				"east": {"uv": [10, 1.5, 11.25, 1.75], "texture": "#castle"},
				"south": {"uv": [0, 0, 0, 0.25], "texture": "#castle"},
				"west": {"uv": [10, 1.75, 11.25, 2], "texture": "#castle"},
				"up": {"uv": [0, 1.25, 0, 0], "texture": "#castle"},
				"down": {"uv": [0, 0, 0, 1.25], "texture": "#castle"}
			}
		},
		{
			"from": [16, 8, 0],
			"to": [16, 9, 5],
			"faces": {
				"north": {"uv": [0, 0, 0, 0.25], "texture": "#castle"},
				"east": {"uv": [10, 2, 11.25, 2.25], "texture": "#castle"},
				"south": {"uv": [0, 0, 0, 0.25], "texture": "#castle"},
				"west": {"uv": [10, 2.25, 11.25, 2.5], "texture": "#castle"},
				"up": {"uv": [0, 1.25, 0, 0], "texture": "#castle"},
				"down": {"uv": [0, 0, 0, 1.25], "texture": "#castle"}
			}
		},
		{
			"from": [11, 8, 0],
			"to": [16, 9, 0],
			"faces": {
				"north": {"uv": [2.5, 10, 3.75, 10.25], "texture": "#castle"},
				"east": {"uv": [0, 0, 0, 0.25], "texture": "#castle"},
				"south": {"uv": [10, 2.5, 11.25, 2.75], "texture": "#castle"},
				"west": {"uv": [0, 0, 0, 0.25], "texture": "#castle"},
				"up": {"uv": [1.25, 0, 0, 0], "texture": "#castle"},
				"down": {"uv": [1.25, 0, 0, 0], "texture": "#castle"}
			}
		},
		{
			"from": [11, 8, 5],
			"to": [16, 9, 5],
			"faces": {
				"north": {"uv": [10, 2.75, 11.25, 3], "texture": "#castle"},
				"east": {"uv": [0, 0, 0, 0.25], "texture": "#castle"},
				"south": {"uv": [10, 3, 11.25, 3.25], "texture": "#castle"},
				"west": {"uv": [0, 0, 0, 0.25], "texture": "#castle"},
				"up": {"uv": [1.25, 0, 0, 0], "texture": "#castle"},
				"down": {"uv": [1.25, 0, 0, 0], "texture": "#castle"}
			}
		},
		{
			"from": [0, 8, 11],
			"to": [0, 9, 16],
			"faces": {
				"north": {"uv": [0, 0, 0, 0.25], "texture": "#castle"},
				"east": {"uv": [10, 3.25, 11.25, 3.5], "texture": "#castle"},
				"south": {"uv": [0, 0, 0, 0.25], "texture": "#castle"},
				"west": {"uv": [10, 3.5, 11.25, 3.75], "texture": "#castle"},
				"up": {"uv": [0, 1.25, 0, 0], "texture": "#castle"},
				"down": {"uv": [0, 0, 0, 1.25], "texture": "#castle"}
			}
		},
		{
			"from": [5, 8, 11],
			"to": [5, 9, 16],
			"faces": {
				"north": {"uv": [0, 0, 0, 0.25], "texture": "#castle"},
				"east": {"uv": [3.75, 10, 5, 10.25], "texture": "#castle"},
				"south": {"uv": [0, 0, 0, 0.25], "texture": "#castle"},
				"west": {"uv": [10, 3.75, 11.25, 4], "texture": "#castle"},
				"up": {"uv": [0, 1.25, 0, 0], "texture": "#castle"},
				"down": {"uv": [0, 0, 0, 1.25], "texture": "#castle"}
			}
		},
		{
			"from": [0, 8, 11],
			"to": [5, 9, 11],
			"faces": {
				"north": {"uv": [10, 4, 11.25, 4.25], "texture": "#castle"},
				"east": {"uv": [0, 0, 0, 0.25], "texture": "#castle"},
				"south": {"uv": [10, 4.25, 11.25, 4.5], "texture": "#castle"},
				"west": {"uv": [0, 0, 0, 0.25], "texture": "#castle"},
				"up": {"uv": [1.25, 0, 0, 0], "texture": "#castle"},
				"down": {"uv": [1.25, 0, 0, 0], "texture": "#castle"}
			}
		},
		{
			"from": [0, 8, 16],
			"to": [5, 9, 16],
			"faces": {
				"north": {"uv": [10, 4.5, 11.25, 4.75], "texture": "#castle"},
				"east": {"uv": [0, 0, 0, 0.25], "texture": "#castle"},
				"south": {"uv": [10, 4.75, 11.25, 5], "texture": "#castle"},
				"west": {"uv": [0, 0, 0, 0.25], "texture": "#castle"},
				"up": {"uv": [1.25, 0, 0, 0], "texture": "#castle"},
				"down": {"uv": [1.25, 0, 0, 0], "texture": "#castle"}
			}
		},
		{
			"from": [11, 8, 11],
			"to": [11, 9, 16],
			"faces": {
				"north": {"uv": [0, 0, 0, 0.25], "texture": "#castle"},
				"east": {"uv": [5, 10, 6.25, 10.25], "texture": "#castle"},
				"south": {"uv": [0, 0, 0, 0.25], "texture": "#castle"},
				"west": {"uv": [10, 5, 11.25, 5.25], "texture": "#castle"},
				"up": {"uv": [0, 1.25, 0, 0], "texture": "#castle"},
				"down": {"uv": [0, 0, 0, 1.25], "texture": "#castle"}
			}
		},
		{
			"from": [16, 8, 11],
			"to": [16, 9, 16],
			"faces": {
				"north": {"uv": [0, 0, 0, 0.25], "texture": "#castle"},
				"east": {"uv": [10, 5.25, 11.25, 5.5], "texture": "#castle"},
				"south": {"uv": [0, 0, 0, 0.25], "texture": "#castle"},
				"west": {"uv": [10, 5.5, 11.25, 5.75], "texture": "#castle"},
				"up": {"uv": [0, 1.25, 0, 0], "texture": "#castle"},
				"down": {"uv": [0, 0, 0, 1.25], "texture": "#castle"}
			}
		},
		{
			"from": [11, 8, 11],
			"to": [16, 9, 11],
			"faces": {
				"north": {"uv": [10, 5.75, 11.25, 6], "texture": "#castle"},
				"east": {"uv": [0, 0, 0, 0.25], "texture": "#castle"},
				"south": {"uv": [10, 6, 11.25, 6.25], "texture": "#castle"},
				"west": {"uv": [0, 0, 0, 0.25], "texture": "#castle"},
				"up": {"uv": [1.25, 0, 0, 0], "texture": "#castle"},
				"down": {"uv": [1.25, 0, 0, 0], "texture": "#castle"}
			}
		},
		{
			"from": [11, 8, 16],
			"to": [16, 9, 16],
			"faces": {
				"north": {"uv": [6.25, 10, 7.5, 10.25], "texture": "#castle"},
				"east": {"uv": [0, 0, 0, 0.25], "texture": "#castle"},
				"south": {"uv": [10, 6.25, 11.25, 6.5], "texture": "#castle"},
				"west": {"uv": [0, 0, 0, 0.25], "texture": "#castle"},
				"up": {"uv": [1.25, 0, 0, 0], "texture": "#castle"},
				"down": {"uv": [1.25, 0, 0, 0], "texture": "#castle"}
			}
		}
	],
	"groups": [
		{
			"name": "castle",
			"origin": [8, 8, 8],
			"color": 0,
			"children": [
				{
					"name": "main",
					"origin": [8, 8, 8],
					"color": 0,
					"children": [0, 1, 2]
				},
				{
					"name": "towers",
					"origin": [8, 8, 8],
					"color": 0,
					"children": [3, 4, 5, 6]
				},
				{
					"name": "crenels",
					"origin": [8, 8, 8],
					"color": 0,
					"children": [
						7,
						8,
						9,
						10,
						{
							"name": "group",
							"origin": [0, 0, 0],
							"color": 0,
							"children": [
								11,
								12,
								13,
								14,
								{
									"name": "group",
									"origin": [0, 0, 0],
									"color": 0,
									"children": [15, 16, 17, 18]
								}
							]
						},
						{
							"name": "group",
							"origin": [0, 0, 0],
							"color": 0,
							"children": [19, 20, 21, 22]
						},
						{
							"name": "group",
							"origin": [0, 0, 0],
							"color": 0,
							"children": [23, 24, 25, 26]
						}
					]
				}
			]
		}
	]
}