{
	"texture_size": [32, 32],
	"textures": {
		"0": "ecologics:block/seashell",
		"particle": "ecologics:block/seashell"
	},
	"elements": [
		{
			"from": [3, 0, 4],
			"to": [13, 3, 14],
			"rotation": {"angle": 0, "axis": "y", "origin": [8, 0, 8]},
			"faces": {
				"north": {"uv": [5, 3, 10, 4.5], "texture": "#0"},
				"east": {"uv": [5, 4.5, 10, 6], "texture": "#0"},
				"south": {"uv": [5, 0, 10, 1.5], "texture": "#0"},
				"west": {"uv": [5, 1.5, 10, 3], "texture": "#0"},
				"up": {"uv": [5, 5, 0, 0], "rotation": 180, "texture": "#0"},
				"down": {"uv": [5, 5, 0, 10], "rotation": 180, "texture": "#0"}
			}
		},
		{
			"from": [5, 0, 2],
			"to": [11, 3, 4],
			"rotation": {"angle": 0, "axis": "y", "origin": [8, 0, 8]},
			"faces": {
				"north": {"uv": [5, 7.5, 8, 9], "texture": "#0"},
				"east": {"uv": [5, 9, 6, 10.5], "texture": "#0"},
				"south": {"uv": [5, 6, 8, 7.5], "texture": "#0"},
				"west": {"uv": [8, 8, 9, 9.5], "texture": "#0"},
				"up": {"uv": [11, 7, 8, 6], "rotation": 180, "texture": "#0"},
				"down": {"uv": [11, 7, 8, 8], "rotation": 180, "texture": "#0"}
			}
		}
	]
}